Order ID,Order Date,Ship Date,Ship Mode,Customer ID,Customer Name,Segment,Country,City,State,Postal Code,Region,Product ID,Category,Sub-Category,Product Name,Sales,Quantity,Discount,Profit
CA-2017-152156,11/8/17,11/11/17,Second Class,CG-12520,Claire Gute,Consumer,United States,Henderson,Kentucky,42420,South,FUR-BO-10001798,Furniture,Bookcases,"Bush Somerset Collection Bookcase",261.96,2,0,41.9136
CA-2017-152156,11/8/17,11/11/17,Second Class,CG-12520,Claire Gute,Consumer,United States,Henderson,Kentucky,42420,South,FUR-CH-10000454,Furniture,Chairs,"Hon Deluxe Fabric Upholstered Stacking Chairs, Rounded Back",731.94,3,0,219.582
CA-2017-138688,6/12/17,6/16/17,Second Class,DV-13045,Darrin Van Huff,Corporate,United States,Los Angeles,California,90036,West,OFF-LA-10000240,Office Supplies,Labels,"Self-Adhesive Address Labels for Typewriters by Universal",14.62,2,0,6.8714
CA-2017-138688,6/12/17,6/16/17,Second Class,DV-13045,Darrin Van Huff,Corporate,United States,Los Angeles,California,90036,West,OFF-ST-10000760,Office Supplies,Storage,"Eldon Base for stackable storage shelf, platinum",22.368,2,0.2,2.5164
CA-2017-138688,6/12/17,6/16/17,Second Class,DV-13045,Darrin Van Huff,Corporate,United States,Los Angeles,California,90036,West,FUR-FU-10001487,Furniture,Furnishings,"Eldon Expressions Wood and Plastic Desk Accessories, Cherry Wood",48.86,7,0,7.288
